batch_id,source_id,sense_group_id,band,source_number,canonical_word,variants,pinyin,meaning_english,source_pos_label,part_of_speech_normalized,pos_basis,pos_confidence,cross_band_status,same_written_form_cross_band_flag,sense_group_size,priority,thai_meaning,example_zh,example_pinyin,example_thai,enrichment_confidence,review_flag,review_reason
BATCH-26,B4-0230,S-02471,4,230,反而,反而,fǎn’ér,Instead,,adverb,source_english,high,unique,False,1,P1,กลับ...; ตรงกันข้าม,吃了药，病反而更重了。,"Chī le yào, bìng fǎn'ér gèng zhòng le.",กินยาแล้ว อาการกลับหนักขึ้น,high,false,
BATCH-26,B4-0231,S-02472,4,231,反映,反映,fǎnyìng,reflect,,verb,source_english,high,unique,False,1,P1,สะท้อน; รายงาน,这部电影反映了农村的生活。,Zhè bù diànyǐng fǎnyìng le nóngcūn de shēnghuó.,ภาพยนตร์เรื่องนี้สะท้อนชีวิตในชนบท,medium,true,"polysemy: ""reflect; mirror"" vs. ""report (to superiors)"" (向领导反映)"
BATCH-26,B4-0232,S-02473,4,232,方,方,fāng,square,,adjective,source_english,high,unique,False,1,P1,สี่เหลี่ยม; ด้าน; ฝ่าย,这张桌子是方的。,Zhè zhāng zhuōzi shì fāng de.,โต๊ะตัวนี้เป็นทรงสี่เหลี่ยม,medium,true,"polysemy: adjective ""square"" vs. noun ""side; party; direction"" (对方, 东方)"
BATCH-26,B4-0233,S-02474,4,233,方案,方案,fāng’àn,programme,,noun,source_english,high,unique,False,1,P1,แผนการ; โครงการ,我们想出了一个新方案。,Wǒmen xiǎngchū le yí ge xīn fāng'àn.,พวกเราคิดแผนใหม่ขึ้นมาได้แผนหนึ่ง,high,false,
BATCH-26,B4-0234,S-02475,4,234,方针,方针,fāngzhēn,policy,,noun,source_english,high,unique,False,1,P1,นโยบาย; แนวทาง,这是政府的基本方针。,Zhè shì zhèngfǔ de jīběn fāngzhēn.,นี่คือแนวทางพื้นฐานของรัฐบาล,high,false,
BATCH-26,B4-0235,S-02476,4,235,放松,放松,fàngsōng,Relax,,verb,source_english,high,unique,False,1,P1,ผ่อนคลาย,考完试了，好好放松一下吧。,"Kǎo wán shì le, hǎohǎo fàngsōng yí xià ba.",สอบเสร็จแล้ว ผ่อนคลายให้เต็มที่เถอะ,high,false,
BATCH-26,B4-0236,S-02477,4,236,非,非,fēi,wrong,,adjective,lexical_inference,low,unique,False,1,P1,ผิด; ไม่ใช่; ต้อง (非…不可),这件事非你去不可。,Zhè jiàn shì fēi nǐ qù bùkě.,เรื่องนี้ต้องให้คุณไปเท่านั้น,low,true,"polysemy: ""wrong"" vs. prefix ""non-; not"" and the pattern 非…不可 ""must""; source_gloss: ""wrong"" is rare at this level; example shows 非…不可"
BATCH-26,B4-0237,S-02478,4,237,肥,肥,féi,fat; fertile,,adjective,source_english,high,unique,False,1,P1,อ้วน (สัตว์); มีไขมัน; อุดมสมบูรณ์,这块肉太肥了。,Zhè kuài ròu tài féi le.,เนื้อชิ้นนี้มันเกินไป,medium,true,"polysemy: ""fat (of meat/animals)"" vs. ""fertile (soil)"" and ""loose (clothes)""; example shows ""fatty"""
BATCH-26,B4-0238,S-02479,4,238,分布,分布,fēnbù,distribution,,verb,source_english,medium,unique,False,1,P1,กระจาย; การกระจายตัว,这种植物分布在南方。,Zhè zhǒng zhíwù fēnbù zài nánfāng.,พืชชนิดนี้กระจายอยู่ทางใต้,medium,true,"pos_doubtful: 分布 is both verb ""be distributed"" and noun ""distribution""; example shows the verb"
BATCH-26,B4-0239,S-02480,4,239,分散,分散,fēnsàn,Dispersed,,verb,lexical_inference,medium,unique,False,1,P1,กระจาย; แยกย้าย,上课的时候不要分散注意力。,Shàngkè de shíhou búyào fēnsàn zhùyìlì.,ระหว่างเรียนอย่าทำให้สมาธิกระเจิง,medium,true,"source_gloss: ""Dispersed"" is a participle; 分散 is verb ""disperse; distract"" and adjective ""scattered"""
BATCH-26,B4-0240,S-02481,4,240,分手,分手,fēnshǒu,Break up,,verb,source_english,high,unique,False,1,P1,เลิกกัน; แยกทาง,他们上个月分手了。,Tāmen shàng ge yuè fēnshǒu le.,พวกเขาเลิกกันเมื่อเดือนที่แล้ว,medium,true,"polysemy: ""break up (relationship)"" vs. ""part company; say goodbye"""
BATCH-26,B4-0241,S-02482,4,241,分为,分为,fēn wéi,divide into,,verb,source_english,high,unique,False,1,P1,แบ่งเป็น,一年分为四个季节。,Yì nián fēnwéi sì ge jìjié.,หนึ่งปีแบ่งเป็นสี่ฤดู,high,false,
BATCH-26,B4-0242,S-02483,4,242,…分之…   …,…分之…   …,fēn zhī …,fractional number,,other,ambiguous,low,unique,False,1,P1,เศษส่วน (... ส่วน ...),三分之一的学生是男生。,Sān fēn zhī yī de xuésheng shì nánshēng.,นักเรียนหนึ่งในสามเป็นผู้ชาย,high,true,pos_doubtful: fraction pattern …分之… has no single POS; variant: canonical word contains ellipses and padding spaces
BATCH-26,B4-0243,S-02484,4,243,纷纷,纷纷,fēnfēn,one after another,,adverb,source_english,high,unique,False,1,P1,ต่อเนื่องกันไป; ทยอยกัน,下课了，同学们纷纷走出教室。,"Xiàkè le, tóngxuémen fēnfēn zǒuchū jiàoshì.",เลิกเรียนแล้ว นักเรียนทยอยเดินออกจากห้อง,high,false,
BATCH-26,B4-0244,S-02485,4,244,奋斗,奋斗,fèndòu,Struggle,,verb,source_english,medium,unique,False,1,P1,ต่อสู้ดิ้นรน; มุ่งมั่น,我们要为理想而奋斗。,Wǒmen yào wèi lǐxiǎng ér fèndòu.,พวกเราต้องมุ่งมั่นต่อสู้เพื่ออุดมการณ์,high,false,
BATCH-26,B4-0245,S-02486,4,245,风格,风格,fēnggé,style,,noun,source_english,high,unique,False,1,P1,สไตล์; รูปแบบ,我喜欢这种风格的衣服。,Wǒ xǐhuan zhè zhǒng fēnggé de yīfu.,ฉันชอบเสื้อผ้าสไตล์นี้,high,false,
BATCH-26,B4-0246,S-02487,4,246,风景,风景,fēngjǐng,Scenery,,noun,source_english,high,unique,False,1,P1,ทิวทัศน์,这里的风景很美。,Zhèlǐ de fēngjǐng hěn měi.,ทิวทัศน์ที่นี่สวยงามมาก,high,false,
BATCH-26,B4-0247,S-02488,4,247,风俗,风俗,fēngsú,Customs,,noun,source_english,high,unique,False,1,P1,ขนบธรรมเนียม; ประเพณี,每个地方都有自己的风俗。,Měi ge dìfang dōu yǒu zìjǐ de fēngsú.,ทุกท้องที่ล้วนมีขนบธรรมเนียมของตัวเอง,high,false,
BATCH-26,B4-0248,S-02489,4,248,封闭,封闭,fēngbì,close,,verb,source_english,high,unique,False,1,P1,ปิด; ปิดกั้น,这条路已经封闭了。,Zhè tiáo lù yǐjīng fēngbì le.,ถนนสายนี้ถูกปิดแล้ว,medium,true,"polysemy: verb ""seal off; close"" vs. adjective ""closed-off; insular"" (思想封闭)"
BATCH-26,B4-0249,S-02490,4,249,否则,否则,fǒuzé,otherwise,,conjunction,source_english,high,unique,False,1,P1,มิฉะนั้น,快走吧，否则就赶不上车了。,"Kuài zǒu ba, fǒuzé jiù gǎn bu shàng chē le.",รีบไปเถอะ มิฉะนั้นจะไม่ทันรถ,high,false,
BATCH-26,B4-0250,S-02491,4,250,夫妇,夫妇,fūfù,couple,,noun,source_english,high,unique,False,1,P1,สามีภรรยา (คู่),这对夫妇很恩爱。,Zhè duì fūfù hěn ēn'ài.,สามีภรรยาคู่นี้รักกันมาก,high,false,
BATCH-26,B4-0251,S-02492,4,251,夫妻,夫妻,fū qī,man and wife,,noun,source_english,high,unique,False,1,P1,สามีภรรยา,他们夫妻俩都是老师。,Tāmen fūqī liǎ dōu shì lǎoshī.,สามีภรรยาคู่นี้เป็นครูทั้งคู่,high,false,
BATCH-26,B4-0252,S-02493,4,252,夫人,夫人,fūrén,Madam,,noun,source_english,high,unique,False,1,P1,ภริยา; คุณนาย,这位是王先生的夫人。,Zhè wèi shì Wáng xiānsheng de fūrén.,ท่านนี้คือภริยาของคุณหวัง,medium,true,"source_gloss: ""Madam"" is a form of address; 夫人 means ""wife (formal); Mrs."""
BATCH-26,B4-0253,S-02494,4,253,符号,符号,fúhào,Symbol,,noun,source_english,high,unique,False,1,P1,สัญลักษณ์; เครื่องหมาย,这个符号是什么意思？,Zhège fúhào shì shénme yìsi?,เครื่องหมายนี้หมายความว่าอะไร?,high,false,
BATCH-26,B4-0254,S-02495,4,254,符合,符合,fúhé,accord with,,verb,source_english,high,unique,False,1,P1,สอดคล้อง; ตรงกับ,这个答案不符合要求。,Zhège dá'àn bù fúhé yāoqiú.,คำตอบนี้ไม่ตรงกับข้อกำหนด,high,false,
BATCH-26,B4-0255,S-02496,4,255,付出,付出,fù chū,pay out,,verb,source_english,medium,unique,False,1,P1,ทุ่มเท; จ่ายออกไป,为了成功，他付出了很多努力。,"Wèile chénggōng, tā fùchū le hěn duō nǔlì.",เพื่อความสำเร็จ เขาทุ่มเทความพยายามอย่างมาก,medium,true,"polysemy: literal ""pay out (money)"" vs. figurative ""devote (effort)""; example shows figurative"
BATCH-26,B4-0256,S-02497,4,256,负担,负担,fùdān,burden,,noun,source_english,medium,unique,False,1,P1,ภาระ; รับภาระ,孩子的学费是一大负担。,Háizi de xuéfèi shì yí dà fùdān.,ค่าเล่าเรียนของลูกเป็นภาระใหญ่,medium,true,"pos_doubtful: 负担 is both noun ""burden"" and verb ""bear (costs)""; example shows the noun"
BATCH-26,B4-0257,S-02498,4,257,附近,附近,fùjìn,nearby,,noun,source_english,high,unique,False,1,P1,บริเวณใกล้เคียง,附近有超市吗？,Fùjìn yǒu chāoshì ma?,แถวนี้มีซูเปอร์มาร์เก็ตไหม?,high,false,
BATCH-26,B4-0258,S-02499,4,258,复制,复制,fùzhì,copy,,verb,source_english,high,unique,False,1,P1,คัดลอก; ทำสำเนา,请把这个文件复制一份。,Qǐng bǎ zhège wénjiàn fùzhì yí fèn.,กรุณาทำสำเนาไฟล์นี้หนึ่งชุด,high,false,
BATCH-26,B4-0259,S-02500,4,259,改善,改善,gǎishàn,Improve,,verb,source_english,high,unique,False,1,P1,ปรับปรุงให้ดีขึ้น,我们的生活条件改善了。,Wǒmen de shēnghuó tiáojiàn gǎishàn le.,สภาพความเป็นอยู่ของเราดีขึ้นแล้ว,high,false,
BATCH-26,B4-0260,S-02501,4,260,改正,改正,gǎizhèng,correction,,verb,lexical_inference,medium,unique,False,1,P1,แก้ไขให้ถูก,请改正作业中的错误。,Qǐng gǎizhèng zuòyè zhōng de cuòwù.,กรุณาแก้ไขข้อผิดพลาดในการบ้าน,medium,true,"source_gloss: ""correction"" is a noun; 改正 is the verb ""correct"""
BATCH-26,B4-0261,S-02502,4,261,盖,盖,gài,cover,,verb,source_english,high,unique,False,1,P1,ปิด; คลุม; สร้าง (บ้าน),睡觉的时候要盖好被子。,Shuìjiào de shíhou yào gài hǎo bèizi.,เวลานอนต้องห่มผ้าห่มให้ดี,medium,true,"polysemy: ""cover"" vs. ""build (a house)"" (盖房子) vs. noun ""lid""; example shows ""cover"""
BATCH-26,B4-0262,S-02503,4,262,概括,概括,gàikuò,Generalization,,verb,lexical_inference,medium,unique,False,1,P1,สรุปรวบยอด,请概括一下这篇文章的意思。,Qǐng gàikuò yí xià zhè piān wénzhāng de yìsi.,กรุณาสรุปใจความของบทความนี้,medium,true,"source_gloss: ""Generalization"" is a noun; 概括 is verb ""summarize"" (also adjective ""brief"")"
BATCH-26,B4-0263,S-02504,4,263,感兴趣,感兴趣,gǎnxìngqù,be intretested in,,verb,lexical_inference,medium,unique,False,1,P1,สนใจ,我对中国历史很感兴趣。,Wǒ duì Zhōngguó lìshǐ hěn gǎn xìngqù.,ฉันสนใจประวัติศาสตร์จีนมาก,medium,true,"source_gloss: typo ""intretested""; pos_doubtful: verb-object phrase 感 + 兴趣"
BATCH-26,B4-0264,S-02505,4,264,高潮,高潮,gāocháo,climax,,noun,source_english,high,unique,False,1,P1,จุดสุดยอด; ไคลแมกซ์,电影的高潮部分很精彩。,Diànyǐng de gāocháo bùfen hěn jīngcǎi.,ช่วงไคลแมกซ์ของภาพยนตร์สนุกมาก,high,false,
BATCH-26,B4-0265,S-02506,4,265,高价,高价,gāo jià,high price,,noun,source_english,high,unique,False,1,P1,ราคาสูง,他高价买了这幅画。,Tā gāojià mǎi le zhè fú huà.,เขาซื้อภาพวาดนี้ในราคาสูง,high,false,
BATCH-26,B4-0266,S-02507,4,266,高尚,高尚,gāoshàng,noble,,adjective,source_english,high,unique,False,1,P1,สูงส่ง; มีคุณธรรม,他是一个品德高尚的人。,Tā shì yí ge pǐndé gāoshàng de rén.,เขาเป็นคนที่มีคุณธรรมสูงส่ง,high,false,
BATCH-26,B4-0267,S-02508,4,267,高铁,高铁,gāo tiě,high-speed train; high-speed rail,,noun,source_english,high,unique,False,1,P1,รถไฟความเร็วสูง,我们坐高铁去上海。,Wǒmen zuò gāotiě qù Shànghǎi.,พวกเรานั่งรถไฟความเร็วสูงไปเซี่ยงไฮ้,high,false,
BATCH-26,B4-0268,S-02509,4,268,格外,格外,géwài,especially,,adverb,source_english,high,unique,False,1,P1,เป็นพิเศษ,今天的月亮格外圆。,Jīntiān de yuèliang géwài yuán.,พระจันทร์คืนนี้กลมเป็นพิเศษ,high,false,
BATCH-26,B4-0269,S-02510,4,269,隔,隔,gé,partition; separate; divide,,verb,source_english,high,unique,False,1,P1,กั้น; แยก; ห่าง,我们两家只隔一条街。,Wǒmen liǎng jiā zhǐ gé yì tiáo jiē.,บ้านเราสองหลังห่างกันแค่ถนนเส้นเดียว,medium,true,"polysemy: ""partition; separate"" vs. ""be at an interval of"" (隔一天); example shows ""be separated by"""
BATCH-26,B4-0270,S-02511,4,270,隔开,隔开,gé kāi,separate; space out; separation; partition,,verb,source_english,high,unique,False,1,P1,แยกออก; กั้น,用一道墙把房间隔开。,Yòng yí dào qiáng bǎ fángjiān gékāi.,ใช้ผนังกั้นห้องแยกออกจากกัน,high,false,
BATCH-26,B4-0271,S-02512,4,271,个别,个别,gèbié,individual,,adjective,source_english,medium,unique,False,1,P1,เฉพาะราย; ส่วนน้อย,只有个别同学没来。,Zhǐyǒu gèbié tóngxué méi lái.,มีเพียงนักเรียนไม่กี่คนที่ไม่มา,medium,true,"source_gloss: ""individual"" is loose; 个别 means ""a very few; isolated (cases)"""
BATCH-26,B4-0272,S-02513,4,272,个体,个体,gètǐ,individual,,noun,source_english,high,unique,False,1,P1,ปัจเจกบุคคล; รายบุคคล,每个人都是一个独立的个体。,Měi ge rén dōu shì yí ge dúlì de gètǐ.,ทุกคนล้วนเป็นปัจเจกบุคคลที่เป็นอิสระ,medium,true,"polysemy: ""individual (person)"" vs. ""self-employed (business)"" (个体户)"
BATCH-26,B4-0273,S-02514,4,273,各个,各个,gè gè,each,,pronoun,lexical_inference,high,unique,False,1,P1,แต่ละ; ทุกๆ,各个班都参加了比赛。,Gègè bān dōu cānjiā le bǐsài.,ทุกห้องเรียนเข้าร่วมการแข่งขัน,high,false,
BATCH-26,B4-0274,S-02515,4,274,根,根,gēn,root,,noun,source_english,medium,unique,False,1,P1,ราก; (ลักษณนามของสิ่งยาวเรียว),这棵树的根很深。,Zhè kē shù de gēn hěn shēn.,รากของต้นไม้ต้นนี้ลึกมาก,medium,true,"polysemy: noun ""root"" vs. common measure word for long thin things (一根筷子); example shows ""root"""
BATCH-26,B4-0275,S-02516,4,275,根据,根据,gēnjù,according to,,preposition,source_english,medium,unique,False,1,P1,ตาม; อ้างอิงจาก; หลักฐาน,根据天气预报，明天会下雨。,"Gēnjù tiānqì yùbào, míngtiān huì xià yǔ.",ตามพยากรณ์อากาศ พรุ่งนี้ฝนจะตก,medium,true,"polysemy: preposition ""according to"" vs. noun ""basis; grounds"""
BATCH-26,B4-0276,S-02517,4,276,工程,工程,gōng chéng,engineering; project,,noun,source_english,high,unique,False,1,P1,วิศวกรรม; โครงการ,这是一项很大的工程。,Zhè shì yí xiàng hěn dà de gōngchéng.,นี่เป็นโครงการขนาดใหญ่,medium,true,"polysemy: ""engineering (field)"" vs. ""project (construction)""; example shows ""project"""
BATCH-26,B4-0277,S-02518,4,277,公元,公元,gōngyuán,A.D.,,noun,source_english,high,unique,False,1,P1,คริสต์ศักราช,这座寺庙建于公元六百年。,Zhè zuò sìmiào jiàn yú gōngyuán liùbǎi nián.,วัดนี้สร้างขึ้นในปีคริสต์ศักราช 600,high,false,
BATCH-26,B4-0278,S-02519,4,278,供应,供应,gōng yìng,supply; provide,,verb,source_english,high,unique,False,1,P1,จัดหา; ส่งมอบ,这家公司供应新鲜蔬菜。,Zhè jiā gōngsī gōngyìng xīnxiān shūcài.,บริษัทนี้จัดหาผักสด,high,false,
BATCH-26,B4-0279,S-02520,4,279,共,共,gòng,common; general; share; together; altogether,,adverb,lexical_inference,low,unique,False,1,P1,ร่วม; ทั้งหมด; รวมกัน,这个班共有三十个学生。,Zhège bān gòng yǒu sānshí ge xuésheng.,ห้องนี้มีนักเรียนทั้งหมดสามสิบคน,medium,true,"polysemy: adjective ""common"" vs. verb ""share"" vs. adverbs ""together; altogether""; pos_doubtful: no source POS; example shows ""altogether"""
BATCH-26,B4-0280,S-02521,4,280,构成,构成,gòuchéng,constitute,,verb,source_english,high,unique,False,1,P1,ประกอบเป็น; ก่อให้เกิด,这些问题构成了很大的威胁。,Zhèxiē wèntí gòuchéng le hěn dà de wēixié.,ปัญหาเหล่านี้ก่อให้เกิดภัยคุกคามอย่างมาก,high,false,
BATCH-26,B4-0281,S-02522,4,281,构造,构造,gòu zào,structure; construction,,noun,source_english,high,unique,False,1,P1,โครงสร้าง,这台机器的构造很复杂。,Zhè tái jīqì de gòuzào hěn fùzá.,โครงสร้างของเครื่องนี้ซับซ้อนมาก,high,false,
BATCH-26,B4-0282,S-02523,4,282,购买,购买,gòu mǎi,buy; purchase,,verb,source_english,high,unique,False,1,P1,ซื้อ; จัดซื้อ,他在网上购买了一台电脑。,Tā zài wǎngshang gòumǎi le yì tái diànnǎo.,เขาซื้อคอมพิวเตอร์ทางออนไลน์หนึ่งเครื่อง,high,false,
BATCH-26,B4-0283,S-02524,4,283,购物,购物,gòuwù,Shopping,,verb,lexical_inference,medium,unique,False,1,P1,ช้อปปิ้ง; ซื้อของ,周末我们去商场购物。,Zhōumò wǒmen qù shāngchǎng gòuwù.,สุดสัปดาห์พวกเราไปช้อปปิ้งที่ห้าง,medium,true,"pos_doubtful: gloss ""Shopping"" is a gerund/noun; 购物 is the verb-object ""shop"""
BATCH-26,B4-0284,S-02525,4,284,骨头,骨头,gǔtou,Bone,,noun,source_english,high,unique,False,1,P1,กระดูก,小狗在啃骨头。,Xiǎo gǒu zài kěn gǔtou.,ลูกหมากำลังแทะกระดูก,high,false,
BATCH-26,B4-0285,S-02526,4,285,固定,固定,gùdìng,fixed,,adjective,source_english,high,unique,False,1,P1,คงที่; ประจำ,他没有固定的工作。,Tā méiyǒu gùdìng de gōngzuò.,เขาไม่มีงานประจำ,medium,true,"polysemy: adjective ""fixed"" vs. verb ""fix; secure"" (把桌子固定好)"
BATCH-26,B4-0286,S-02527,4,286,瓜,瓜,guā,melon,,noun,source_english,high,unique,False,1,P1,แตง; ผลไม้ตระกูลแตง,夏天吃瓜很解渴。,Xiàtiān chī guā hěn jiěkě.,หน้าร้อนกินแตงช่วยดับกระหายได้ดี,high,false,
BATCH-26,B4-0287,S-02528,4,287,怪,怪,guài,strange; odd; bewildering; very; quite; rather,,adjective,source_english,high,same_form_different_sense_or_pos,False,1,P1,แปลก; ประหลาด; ค่อนข้าง,这个人真怪。,Zhège rén zhēn guài.,คนคนนี้แปลกจริงๆ,medium,true,"polysemy: adjective ""strange"" vs. adverb ""quite; rather"" (怪不好意思的); also verb ""blame"" (B5-0295)"
BATCH-26,B4-0289,S-02530,4,289,关闭,关闭,guānbì,close; shut,,verb,source_english,high,unique,False,1,P1,ปิด,商店晚上十点关闭。,Shāngdiàn wǎnshang shí diǎn guānbì.,ร้านค้าปิดตอนสี่ทุ่ม,high,false,
BATCH-26,B4-0290,S-02531,4,290,关于,关于,guānyú,about,,preposition,source_english,high,unique,False,1,P1,เกี่ยวกับ,这是一本关于中国历史的书。,Zhè shì yì běn guānyú Zhōngguó lìshǐ de shū.,นี่เป็นหนังสือเกี่ยวกับประวัติศาสตร์จีน,high,false,
BATCH-26,B4-0291,S-02532,4,291,官,官,guān,officer,,noun,source_english,high,unique,False,1,P1,เจ้าหน้าที่ราชการ; ข้าราชการ,他在政府当官。,Tā zài zhèngfǔ dāng guān.,เขาเป็นข้าราชการในรัฐบาล,high,false,
BATCH-26,B4-0292,S-02533,4,292,官方,官方,guānfāng,by the government official,,noun,source_english,medium,unique,False,1,P1,ทางการ; ฝ่ายรัฐบาล,这是官方的消息。,Zhè shì guānfāng de xiāoxi.,นี่เป็นข่าวจากทางการ,medium,true,"source_gloss: ""by the government official"" is garbled; 官方 means ""official; government (side)"""
BATCH-26,B4-0293,S-02534,4,293,光临,光临,guānglín,presence,,verb,lexical_inference,medium,unique,False,1,P1,การมาเยือน (คำสุภาพ),欢迎光临！,Huānyíng guānglín!,ยินดีต้อนรับ!,medium,true,"source_gloss: ""presence"" is a noun; 光临 is the honorific verb ""honour with one's presence"""
BATCH-26,B4-0294,S-02535,4,294,光盘,光盘,guāngpán,CD,,noun,source_english,high,unique,False,1,P1,แผ่นซีดี,这张光盘里有很多歌。,Zhè zhāng guāngpán li yǒu hěn duō gē.,แผ่นซีดีนี้มีเพลงมากมาย,high,false,
BATCH-26,B4-0295,S-02536,4,295,逛,逛,guàng,Stroll,,verb,source_english,high,unique,False,1,P1,เดินเล่น; เดินเที่ยว,周末我喜欢逛商店。,Zhōumò wǒ xǐhuan guàng shāngdiàn.,สุดสัปดาห์ฉันชอบเดินเที่ยวร้านค้า,high,false,
BATCH-26,B4-0296,S-02537,4,296,归,归,guī,return; go back,,verb,source_english,high,unique,False,1,P1,กลับ; คืน; เป็นของ,这本书归你了。,Zhè běn shū guī nǐ le.,หนังสือเล่มนี้เป็นของคุณแล้ว,medium,true,"polysemy: ""return; go back"" vs. ""belong to; be in charge of""; example shows ""belong to"""
BATCH-26,B4-0297,S-02538,4,297,规律,规律,guīlǜ,Law,,noun,source_english,medium,unique,False,1,P1,กฎเกณฑ์; ความสม่ำเสมอ,他的生活很有规律。,Tā de shēnghuó hěn yǒu guīlǜ.,ชีวิตของเขาเป็นไปอย่างสม่ำเสมอ,medium,true,"source_gloss: ""Law"" (scientific law) is narrow; 规律 also ""regular pattern; regularity"""
BATCH-26,B4-0298,S-02539,4,298,规模,规模,guīmó,scale,,noun,source_english,high,unique,False,1,P1,ขนาด; ขอบเขต,这家公司规模很大。,Zhè jiā gōngsī guīmó hěn dà.,บริษัทนี้มีขนาดใหญ่มาก,high,false,
BATCH-26,B4-0299,S-02540,4,299,规则,规则,guīzé,rule,,noun,source_english,high,unique,False,1,P1,กฎ; ระเบียบ,我们要遵守比赛规则。,Wǒmen yào zūnshǒu bǐsài guīzé.,พวกเราต้องปฏิบัติตามกติกาการแข่งขัน,high,false,
BATCH-26,B4-0300,S-02541,4,300,果实,果实,guǒshí,fruit,,noun,source_english,high,unique,False,1,P1,ผลไม้; ผล (ของความพยายาม),这是我们劳动的果实。,Zhè shì wǒmen láodòng de guǒshí.,นี่คือผลจากแรงงานของเรา,medium,true,"polysemy: literal ""fruit"" vs. figurative ""fruits (of labour)""; example shows figurative"
BATCH-26,B4-0301,S-02542,4,301,过分,过分,guòfèn,excessive,,adjective,source_english,high,unique,False,1,P1,เกินไป; เกินเลย,你这样说太过分了。,Nǐ zhèyàng shuō tài guòfèn le.,คุณพูดแบบนี้เกินไปแล้ว,high,false,
BATCH-26,B4-0302,S-02543,4,302,海水,海水,hǎi shuǐ,seawater; brine; sea,,noun,source_english,high,unique,False,1,P1,น้ำทะเล,海水是咸的。,Hǎishuǐ shì xián de.,น้ำทะเลเค็ม,high,false,
BATCH-26,B4-0303,S-02544,4,303,海鲜,海鲜,hǎixiān,seafood,,noun,source_english,high,unique,False,1,P1,อาหารทะเล,这家饭店的海鲜很新鲜。,Zhè jiā fàndiàn de hǎixiān hěn xīnxiān.,อาหารทะเลของร้านนี้สดมาก,high,false,
BATCH-26,B4-0304,S-02545,4,304,含,含,hán,contain; cherish; nurse; keep,,verb,source_english,high,unique,False,1,P1,อม; บรรจุ; เก็บไว้,她眼里含着泪水。,Tā yǎn li hán zhe lèishuǐ.,ดวงตาของเธอคลอไปด้วยน้ำตา,medium,true,"polysemy: ""contain; hold in the mouth"" vs. ""cherish; nurse (feelings)""; example shows ""hold"""
BATCH-26,B4-0305,S-02546,4,305,含量,含量,hán liàng,content,,noun,source_english,high,unique,False,1,P1,ปริมาณที่มีอยู่,这种水果的维生素含量很高。,Zhè zhǒng shuǐguǒ de wéishēngsù hánliàng hěn gāo.,ผลไม้ชนิดนี้มีปริมาณวิตามินสูง,high,false,
BATCH-26,B4-0306,S-02547,4,306,含义,含义,hányì,signification; meanings,,noun,source_english,high,unique,False,1,P1,ความหมาย,这个词有两个含义。,Zhège cí yǒu liǎng ge hányì.,คำนี้มีความหมายสองอย่าง,high,false,
BATCH-26,B4-0307,S-02548,4,307,含有,含有,hán yǒu,contain; have,,verb,source_english,high,unique,False,1,P1,ประกอบด้วย; มี,牛奶含有很多营养。,Niúnǎi hányǒu hěn duō yíngyǎng.,นมมีสารอาหารมากมาย,high,false,
BATCH-26,B4-0308,S-02549,4,308,寒假,寒假,hánjià,The winter vacation,,noun,source_english,high,unique,False,1,P1,ปิดภาคเรียนฤดูหนาว,寒假你打算去哪儿？,Hánjià nǐ dǎsuan qù nǎr?,ปิดเทอมฤดูหนาวคุณวางแผนจะไปไหน?,high,false,
BATCH-26,B4-0309,S-02550,4,309,寒冷,寒冷,hán lěng,cold; frigid; chill; frigidity,,adjective,source_english,high,unique,False,1,P1,หนาวเหน็บ,北方的冬天很寒冷。,Běifāng de dōngtiān hěn hánlěng.,ฤดูหนาวทางเหนือหนาวเหน็บมาก,high,false,
BATCH-26,B4-0310,S-02551,4,310,行业,行业,hángyè,industry,,noun,source_english,high,unique,False,1,P1,อุตสาหกรรม; สายอาชีพ,你在哪个行业工作？,Nǐ zài nǎge hángyè gōngzuò?,คุณทำงานในสายอาชีพไหน?,high,false,
BATCH-26,B4-0311,S-02552,4,311,航班,航班,hángbān,flight,,noun,source_english,high,unique,False,1,P1,เที่ยวบิน,这个航班晚点了。,Zhège hángbān wǎndiǎn le.,เที่ยวบินนี้ล่าช้า,high,false,
BATCH-26,B4-0312,S-02553,4,312,航空,航空,hángkōng,aviation,,noun,source_english,high,unique,False,1,P1,การบิน,他在一家航空公司工作。,Tā zài yì jiā hángkōng gōngsī gōngzuò.,เขาทำงานที่สายการบินแห่งหนึ่ง,high,false,
BATCH-26,B4-0313,S-02554,4,313,毫米,毫米,háomǐ,millimeter,,measure_word,lexical_inference,high,unique,False,1,P1,มิลลิเมตร,这张纸厚一毫米。,Zhè zhāng zhǐ hòu yì háomǐ.,กระดาษแผ่นนี้หนาหนึ่งมิลลิเมตร,high,false,
BATCH-26,B4-0314,S-02555,4,314,毫升,毫升,háo shēng,milliliter,,measure_word,lexical_inference,high,unique,False,1,P1,มิลลิลิตร,这瓶水有五百毫升。,Zhè píng shuǐ yǒu wǔbǎi háoshēng.,น้ำขวดนี้มีห้าร้อยมิลลิลิตร,high,false,
BATCH-26,B4-0315,S-02556,4,315,好友,好友,hǎo yǒu,friend,,noun,source_english,high,unique,False,1,P1,เพื่อนสนิท,他是我的好友。,Tā shì wǒ de hǎoyǒu.,เขาเป็นเพื่อนสนิทของฉัน,high,false,
BATCH-26,B4-0316,S-02557,4,316,号码,号码,hàomǎ,number,,noun,source_english,high,unique,False,1,P1,หมายเลข,你的电话号码是多少？,Nǐ de diànhuà hàomǎ shì duōshao?,เบอร์โทรศัพท์ของคุณคืออะไร?,high,false,
BATCH-26,B4-0318,S-02558,4,318,合同,合同,hétong,contract,,noun,source_english,high,unique,False,1,P1,สัญญา,我们签了一份合同。,Wǒmen qiān le yí fèn hétong.,พวกเราเซ็นสัญญาไปหนึ่งฉบับ,high,false,
BATCH-26,B4-0319,S-02559,4,319,黑暗,黑暗,hēi àn,dark; darkness; murk,,adjective,source_english,medium,unique,False,1,P1,มืด; ความมืด,房间里一片黑暗。,Fángjiān li yí piàn hēi'àn.,ในห้องมืดสนิท,medium,true,"polysemy: adjective ""dark"" vs. noun ""darkness"" (also figurative ""corrupt"")"
BATCH-26,B4-0320,S-02560,4,320,红包,红包,hóng bāo,red envelope; red packet,,noun,source_english,high,unique,False,1,P1,อั่งเปา; ซองแดง,过年的时候，孩子们会收到红包。,"Guònián de shíhou, háizimen huì shōudào hóngbāo.",ช่วงตรุษจีน เด็กๆ จะได้รับอั่งเปา,high,false,
BATCH-26,B4-0321,S-02561,4,321,后头,后头,hòu tou,back,,noun,source_english,high,unique,False,1,P1,ข้างหลัง; ภายหลัง,好戏还在后头呢。,Hǎo xì hái zài hòutou ne.,ของดียังอยู่ข้างหลังนะ,medium,true,"polysemy: spatial ""behind"" vs. temporal ""later on""; example shows ""later"""
BATCH-26,B4-0322,S-02562,4,322,厚,厚,hòu,thick,,adjective,source_english,high,unique,False,1,P1,หนา,这本词典很厚。,Zhè běn cídiǎn hěn hòu.,พจนานุกรมเล่มนี้หนามาก,high,false,
BATCH-26,B4-0323,S-02563,4,323,呼吸,呼吸,hūxī,breathing,,verb,source_english,medium,unique,False,1,P1,หายใจ; การหายใจ,请深呼吸。,Qǐng shēn hūxī.,กรุณาหายใจลึกๆ,high,false,
BATCH-26,B4-0324,S-02564,4,324,忽视,忽视,hūshì,Ignore,,verb,source_english,high,unique,False,1,P1,มองข้าม; ละเลย,我们不能忽视这个问题。,Wǒmen bù néng hūshì zhège wèntí.,พวกเราไม่ควรมองข้ามปัญหานี้,high,false,
BATCH-26,B4-0325,S-02565,4,325,户,户,hù,household; family; door,,measure_word,lexical_inference,low,unique,False,1,P1,ครัวเรือน; บ้าน; ประตู,这个村子有一百户人家。,Zhège cūnzi yǒu yìbǎi hù rénjiā.,หมู่บ้านนี้มีหนึ่งร้อยครัวเรือน,medium,true,"polysemy: noun ""household; door"" vs. measure word for households; pos_doubtful: no source POS; example shows measure word"
BATCH-26,B4-0326,S-02566,4,326,护士,护士,hùshi,Nurse,,noun,source_english,high,unique,False,1,P1,พยาบาล,她是一名护士。,Tā shì yì míng hùshi.,เธอเป็นพยาบาล,high,false,
BATCH-26,B4-0328,S-02568,4,328,划,划,huá,"paddle, row",,verb,source_english,high,unique,False,1,P1,พาย (เรือ); ขีด,他们在湖上划船。,Tāmen zài hú shang huáchuán.,พวกเขาพายเรืออยู่ในทะเลสาบ,medium,true,"polysemy: ""paddle; row"" vs. ""scratch; strike (a match)""; variant: 划 huá vs. 划 huà (B4-0329)"
BATCH-26,B4-0329,S-02569,4,329,划,划,huà,"transfer, assign, differenciate",,verb,source_english,medium,unique,False,1,P1,แบ่งเขต; โอน; จัดสรร,这笔钱已经划到你的账户了。,Zhè bǐ qián yǐjīng huà dào nǐ de zhànghù le.,เงินจำนวนนี้โอนเข้าบัญชีของคุณแล้ว,medium,true,"polysemy: transfer / assign / differentiate combined; source_gloss: typo ""differenciate""; variant: 划 huà vs. 划 huá (B4-0328)"
BATCH-26,B4-0330,S-02570,4,330,怀念,怀念,huáiniàn,Miss,,verb,source_english,high,unique,False,1,P1,คิดถึง; รำลึกถึง,我很怀念大学生活。,Wǒ hěn huáiniàn dàxué shēnghuó.,ฉันคิดถึงชีวิตในมหาวิทยาลัยมาก,high,false,
BATCH-26,B4-0331,S-02571,4,331,怀疑,怀疑,huáiyí,doubt,,verb,source_english,high,unique,False,1,P1,สงสัย; ไม่แน่ใจ,我怀疑他说的不是真话。,Wǒ huáiyí tā shuō de bú shì zhēnhuà.,ฉันสงสัยว่าเขาไม่ได้พูดความจริง,medium,true,"polysemy: ""doubt (that sth is true)"" vs. ""suspect (that sth is true)"" — opposite English readings"
BATCH-26,B4-0332,S-02572,4,332,缓解,缓解,huǎnjiě,relieve,,verb,source_english,high,unique,False,1,P1,บรรเทา,这种药可以缓解头疼。,Zhè zhǒng yào kěyǐ huǎnjiě tóuténg.,ยาชนิดนี้ช่วยบรรเทาอาการปวดหัว,high,false,
